{
    "r1": 0.0053,
    "r2": 0.0063,
    "r3": 0.0101,
    "r4": 0.0111,
    "Jz_in": 2744050.7429637127,
    "Jz_out": -1501461.7272820305,
    "Params": [
        {
            "A": 9.702800697374415e-05,
            "B": 0,
            "Jz": 0,
            "mu": 1
        },
        {
            "A": 0.0003751047819995934,
            "B": 4.844502220495115e-05,
            "Jz": 2744050.7429637127,
            "mu": 1
        },
        {
            "A": -0.0009183353357741602,
            "B": -0.0002000577634665124,
            "Jz": 0,
            "mu": 10
        },
        {
            "A": -0.0005814412979955557,
            "B": -0.00011626941998447632,
            "Jz": -1501461.7272820305,
            "mu": 1
        }
    ]
}