{
    "nodes": [
        [0],
        [1],
        [0.3333333333325028],
        [0.6666666666657888]],
    "elements": [
        [0,2],
        [2,3],
        [3,1]],
    "gauss": 2,
    "material": [1.0,1.0],
    "boundary": [[0],[0.0]],
    "load": [[1],[1.0]]
}